id,first_name,last_name,email,gender,country
1,Nelie,Zapata,nzapata0@noaa.gov,Female,Poland
2,Fair,Jaslem,fjaslem1@theatlantic.com,Male,Spain
3,Dalis,Fuggles,dfuggles2@booking.com,Male,Brazil
4,Ferrell,Cholmondeley,fcholmondeley3@pbs.org,Male,Kyrgyzstan
5,Aggie,Whitsun,awhitsun4@hhs.gov,Female,Russia
6,Timmie,Kyncl,tkyncl5@bluehost.com,Male,Brazil
7,Conway,Aughtie,caughtie6@apache.org,Male,Portugal
8,Laney,Aldhous,laldhous7@mac.com,Female,Indonesia
9,Debora,Evemy,devemy8@ebay.com,Female,Japan
10,Vanessa,McSporrin,vmcsporrin9@jigsy.com,Female,Poland
11,Herrick,Batha,hbathaa@digg.com,Male,Russia
12,Salem,Linnit,slinnitb@yahoo.com,Male,Indonesia
13,Samson,Crichley,scrichleyc@surveymonkey.com,Male,Indonesia
14,Normie,Bruneau,nbruneaud@hexun.com,Male,Ukraine
15,Gregg,Jaan,gjaane@nbcnews.com,Male,Mexico
16,Norbie,Ilive,nilivef@cbsnews.com,Male,Ecuador
17,Consalve,Abbiss,cabbissg@independent.co.uk,Male,Philippines
18,Jorgan,Tebbutt,jtebbutth@sina.com.cn,Male,Panama
19,Orbadiah,Erni,oernii@posterous.com,Male,Indonesia
20,Yvette,Bains,ybainsj@unc.edu,Female,Sweden
21,Fabio,Turnpenny,fturnpennyk@usda.gov,Male,Indonesia
22,Rhea,Dosdell,rdosdelll@paypal.com,Female,Russia
23,Desiree,Gershom,dgershomm@cmu.edu,Female,South Korea
24,Tonie,Lapthorn,tlapthornn@washington.edu,Female,Malaysia
25,Mychal,Brittian,mbrittiano@amazonaws.com,Male,Kenya
26,Melitta,Clemont,mclemontp@illinois.edu,Female,China
27,Orazio,Exrol,oexrolq@aboutads.info,Male,Sweden
28,Burtie,Maciaszek,bmaciaszekr@newsvine.com,Male,United States
29,Viv,Tout,vtouts@purevolume.com,Female,Poland
30,Thurstan,Dransfield,tdransfieldt@edublogs.org,Male,Portugal
31,Anatol,Ferrelli,aferrelliu@alibaba.com,Male,Central African Republic
32,Brinna,Seedhouse,bseedhousev@sciencedirect.com,Female,Slovenia
33,Tammy,Stickland,tsticklandw@bloglovin.com,Male,China
34,Holmes,Handrahan,hhandrahanx@who.int,Male,Ukraine
35,Maria,Ace,macey@deviantart.com,Female,Russia
36,Ginelle,Coulling,gcoullingz@economist.com,Female,Mexico
37,Arden,Gergher,agergher10@tripod.com,Female,China
38,Mortie,Spiring,mspiring11@java.com,Male,France
39,Gerta,McDavid,gmcdavid12@sciencedaily.com,Female,Indonesia
40,Sylas,Wapplington,swapplington13@arizona.edu,Male,China
41,Frayda,Edgeler,fedgeler14@bigcartel.com,Female,Saint Vincent and the Grenadines
42,Wang,Holleran,wholleran15@miibeian.gov.cn,Male,France
43,Hayden,Bedder,hbedder16@tmall.com,Male,Norway
44,Diego,Smither,dsmither17@devhub.com,Male,Norway
45,Sidney,Calow,scalow18@blog.com,Male,France
46,Dora,Jeaneau,djeaneau19@rambler.ru,Female,Finland
47,Sonni,Snary,ssnary1a@hp.com,Female,China
48,Cristie,Frammingham,cframmingham1b@globo.com,Female,Honduras
49,Corrine,Tidball,ctidball1c@netlog.com,Female,China
50,Dayna,Sparham,dsparham1d@nature.com,Female,China
51,Byram,Kensitt,bkensitt1e@yandex.ru,Male,Colombia
52,Martica,Broske,mbroske1f@comcast.net,Female,Portugal
53,Lissi,Rodwell,lrodwell1g@parallels.com,Female,Finland
54,Yoshiko,Brigshaw,ybrigshaw1h@ovh.net,Female,Portugal
55,Michelle,McClaughlin,mmcclaughlin1i@latimes.com,Female,Portugal
56,Gabbey,Greenhalf,ggreenhalf1j@noaa.gov,Female,China
57,Staci,Fratczak,sfratczak1k@newyorker.com,Female,Russia
58,Angele,Ellaway,aellaway1l@lulu.com,Female,United States
59,Emelyne,Hightown,ehightown1m@pagesperso-orange.fr,Female,Latvia
60,Grier,Sorro,gsorro1n@bing.com,Female,Thailand
61,Eleen,Jakeway,ejakeway1o@shutterfly.com,Female,Indonesia
62,Jenelle,Tebbitt,jtebbitt1p@tripadvisor.com,Female,China
63,Carry,Allsopp,callsopp1q@ted.com,Female,Indonesia
64,Thurston,Edmands,tedmands1r@goodreads.com,Male,Nigeria
65,Lyssa,Gerrelt,lgerrelt1s@usnews.com,Female,China
66,Simonette,Wegner,swegner1t@nytimes.com,Female,France
67,Sheree,Eliyahu,seliyahu1u@sakura.ne.jp,Female,China
68,Karyl,Candlish,kcandlish1v@devhub.com,Female,Costa Rica
69,Niel,Romao,nromao1w@thetimes.co.uk,Male,Slovenia
70,Lauralee,Sellek,lsellek1x@guardian.co.uk,Female,Indonesia
71,Lowe,Freda,lfreda1y@about.com,Male,Netherlands
72,Tamar,Vero,tvero1z@patch.com,Female,China
73,Ange,Brownsill,abrownsill20@adobe.com,Male,Colombia
74,Guntar,Bastistini,gbastistini21@alibaba.com,Male,Slovenia
75,Gaye,Olenov,golenov22@reddit.com,Female,Germany
76,Pamela,Sear,psear23@sphinn.com,Female,China
77,Bettina,Inge,binge24@digg.com,Female,Indonesia
78,Rahel,Kisting,rkisting25@indiatimes.com,Female,China
79,Bobbie,Scholcroft,bscholcroft26@bizjournals.com,Female,China
80,Curt,Kohter,ckohter27@wisc.edu,Male,Laos
81,Agathe,Trahmel,atrahmel28@china.com.cn,Female,Sweden
82,Ray,Mansuer,rmansuer29@ow.ly,Male,Brazil
83,Carmita,Kynaston,ckynaston2a@bizjournals.com,Female,Indonesia
84,Carmelita,Stapele,cstapele2b@walmart.com,Female,Indonesia
85,Gabriel,Staff,gstaff2c@slate.com,Male,Russia
86,Tallulah,Howsley,thowsley2d@jiathis.com,Female,Brazil
87,Gradey,Trett,gtrett2e@gizmodo.com,Male,Indonesia
88,Berri,Cowderay,bcowderay2f@nps.gov,Female,Mali
89,Lorry,Yekel,lyekel2g@google.com,Male,Sweden
90,Thoma,Mulvihill,tmulvihill2h@live.com,Male,Norway
91,Lucio,Rawne,lrawne2i@tuttocitta.it,Male,China
92,Gun,MacKimm,gmackimm2j@un.org,Male,Kazakhstan
93,Teddie,Petti,tpetti2k@linkedin.com,Female,Indonesia
94,Riordan,Brimmicombe,rbrimmicombe2l@discovery.com,Male,Sweden
95,Quincy,Barwood,qbarwood2m@rakuten.co.jp,Male,Sweden
96,Donavon,Samsworth,dsamsworth2n@shinystat.com,Male,China
97,Imojean,Janodet,ijanodet2o@usa.gov,Female,China
98,Othello,Grinishin,ogrinishin2p@cargocollective.com,Male,Indonesia
99,Bren,Malby,bmalby2q@usda.gov,Male,Argentina
100,Nickola,Baylis,nbaylis2r@delicious.com,Male,Slovenia
101,Suzi,Saberton,ssaberton2s@mediafire.com,Female,Portugal
102,Othelia,Hannay,ohannay2t@state.tx.us,Female,China
103,Marchall,Collingworth,mcollingworth2u@comsenz.com,Male,Russia
104,Trescha,Grigoriev,tgrigoriev2v@domainmarket.com,Female,Portugal
105,Annadiane,Paffley,apaffley2w@huffingtonpost.com,Female,Chad
106,Sherwin,Lamprey,slamprey2x@google.es,Male,Czech Republic
107,Pearl,Gollard,pgollard2y@nbcnews.com,Female,Philippines
108,Emmalee,Shellsheere,eshellsheere2z@cnn.com,Female,Brazil
109,Mattie,Robke,mrobke30@blogspot.com,Female,Estonia
110,Rourke,Dallon,rdallon31@google.nl,Male,Bangladesh
111,Ruy,Sheringham,rsheringham32@newsvine.com,Male,Indonesia
112,Theresa,Brayford,tbrayford33@cbc.ca,Female,Indonesia
113,Harris,Wardingly,hwardingly34@jalbum.net,Male,Serbia
114,Audrie,Yeend,ayeend35@php.net,Female,Belarus
115,Herman,Paish,hpaish36@spiegel.de,Male,Hungary
116,Salli,Polglase,spolglase37@hostgator.com,Female,New Zealand
117,Claudell,Daskiewicz,cdaskiewicz38@vinaora.com,Male,Peru
118,Rosco,Adrien,radrien39@acquirethisname.com,Male,China
119,Art,Brandassi,abrandassi3a@homestead.com,Male,Russia
120,Kinsley,Gregine,kgregine3b@harvard.edu,Male,Bangladesh
121,Beryle,Seely,bseely3c@liveinternet.ru,Female,Albania
122,Lloyd,Abram,labram3d@xinhuanet.com,Male,Portugal
123,Byron,Malloy,bmalloy3e@dailymail.co.uk,Male,Iran
124,Ethan,Fishpoole,efishpoole3f@dot.gov,Male,Greece
125,Alix,Brumpton,abrumpton3g@umn.edu,Male,Finland
126,Walton,Croom,wcroom3h@japanpost.jp,Male,Russia
127,Hanna,Kollatsch,hkollatsch3i@homestead.com,Female,Ivory Coast
128,Prescott,Vahl,pvahl3j@newyorker.com,Male,Indonesia
129,De witt,Fuidge,dfuidge3k@examiner.com,Male,China
130,Nora,Strelitzki,nstrelitzki3l@unc.edu,Female,Honduras
131,Virginia,Reiner,vreiner3m@amazon.co.uk,Female,Philippines
132,Hastie,Dowty,hdowty3n@live.com,Male,Portugal
133,Onofredo,Mariault,omariault3o@livejournal.com,Male,Indonesia
134,Mitzi,Lodwig,mlodwig3p@liveinternet.ru,Female,China
135,Melly,Benettelli,mbenettelli3q@guardian.co.uk,Female,Philippines
136,Kara,Figge,kfigge3r@dailymail.co.uk,Female,China
137,Jasmin,Bain,jbain3s@fema.gov,Female,Tanzania
138,Neville,Burges,nburges3t@slate.com,Male,Brazil
139,Wye,Jones,wjones3u@nbcnews.com,Male,Egypt
140,Henry,Petyt,hpetyt3v@purevolume.com,Male,Mexico
141,Cordelie,Dimont,cdimont3w@admin.ch,Female,Argentina
142,Norri,Szymanek,nszymanek3x@topsy.com,Female,Indonesia
143,Rhodie,Braysher,rbraysher3y@aol.com,Female,United States
144,Clerc,Boshard,cboshard3z@alibaba.com,Male,Indonesia
145,Bellina,McEwan,bmcewan40@vistaprint.com,Female,France
146,Ki,Baumadier,kbaumadier41@tinypic.com,Female,Philippines
147,Zorana,Heather,zheather42@myspace.com,Female,Indonesia
148,Meryl,Bragge,mbragge43@globo.com,Male,Peru
149,Kristian,Boarer,kboarer44@prweb.com,Male,Greece
150,Felipa,Springham,fspringham45@vistaprint.com,Female,China
151,Ludvig,Clutheram,lclutheram46@guardian.co.uk,Male,South Africa
152,Beth,McElwee,bmcelwee47@macromedia.com,Female,China
153,Currey,Le Sieur,clesieur48@biglobe.ne.jp,Male,China
154,Benny,Joret,bjoret49@miitbeian.gov.cn,Female,Togo
155,Natalie,Symcoxe,nsymcoxe4a@hc360.com,Female,Indonesia
156,Barbette,Vincent,bvincent4b@rakuten.co.jp,Female,Nigeria
157,Raymond,Horley,rhorley4c@dion.ne.jp,Male,Russia
158,Jandy,Peffer,jpeffer4d@mail.ru,Female,China
159,Ede,Stearne,estearne4e@360.cn,Female,China
160,Lek,Jacques,ljacques4f@barnesandnoble.com,Male,Indonesia
161,Carson,Coryndon,ccoryndon4g@list-manage.com,Male,Indonesia
162,Thorstein,Hynard,thynard4h@clickbank.net,Male,Indonesia
163,Hermione,Farnhill,hfarnhill4i@angelfire.com,Female,Indonesia
164,Ashleigh,Spicer,aspicer4j@amazon.co.uk,Female,France
165,Loni,Caccavella,lcaccavella4k@is.gd,Female,Thailand
166,Gratiana,Yokel,gyokel4l@mapquest.com,Female,Palestinian Territory
167,Finley,Proctor,fproctor4m@google.co.uk,Male,Ukraine
168,Dimitry,Lanchester,dlanchester4n@behance.net,Male,China
169,Giorgio,Di Gregorio,gdigregorio4o@mashable.com,Male,France
170,Port,Dedon,pdedon4p@goo.gl,Male,France
171,Bab,Blonden,bblonden4q@creativecommons.org,Female,Micronesia
172,Lynne,Baumford,lbaumford4r@cnet.com,Female,Poland
173,Gwenni,D'Onise,gdonise4s@delicious.com,Female,Thailand
174,Tristan,Spiteri,tspiteri4t@guardian.co.uk,Male,Brazil
175,Kristos,Woods,kwoods4u@sciencedirect.com,Male,Tunisia
176,Gannie,Lamplugh,glamplugh4v@issuu.com,Male,Argentina
177,Rogers,McTrustey,rmctrustey4w@lulu.com,Male,Bangladesh
178,Tory,Blabie,tblabie4x@bloglovin.com,Female,Japan
179,Brock,Falconer,bfalconer4y@indiegogo.com,Male,China
180,Korie,Cazin,kcazin4z@vk.com,Female,Russia
181,Glennie,Spaven,gspaven50@jugem.jp,Female,Russia
182,Townsend,Balmann,tbalmann51@domainmarket.com,Male,Russia
183,Aldin,Broadbent,abroadbent52@lycos.com,Male,China
184,Leonanie,Orford,lorford53@microsoft.com,Female,New Zealand
185,Andrea,Stripling,astripling54@tamu.edu,Female,Portugal
186,Ibby,Langmuir,ilangmuir55@twitter.com,Female,Philippines
187,Hi,Sinnett,hsinnett56@ft.com,Male,Portugal
188,Mil,Tuckey,mtuckey57@jimdo.com,Female,France
189,Nanni,Haddick,nhaddick58@hatena.ne.jp,Female,Poland
190,Madonna,Coveny,mcoveny59@cbc.ca,Female,Croatia
191,Elliot,Rudledge,erudledge5a@barnesandnoble.com,Male,Portugal
192,Tallulah,Dominichelli,tdominichelli5b@spotify.com,Female,Russia
193,Keriann,Paten,kpaten5c@noaa.gov,Female,China
194,Fabiano,Overill,foverill5d@homestead.com,Male,France
195,Garrot,Robilliard,grobilliard5e@parallels.com,Male,Pakistan
196,Dannye,Kun,dkun5f@bloomberg.com,Female,Brazil
197,Chip,Woolfenden,cwoolfenden5g@un.org,Male,Indonesia
198,Bendicty,Longmaid,blongmaid5h@loc.gov,Male,Germany
199,Tally,Sifleet,tsifleet5i@europa.eu,Male,Indonesia
200,Stephen,Plummer,splummer5j@skyrock.com,Male,China
201,Xylia,O'Cahey,xocahey5k@mozilla.com,Female,Philippines
202,Ceil,Lyptratt,clyptratt5l@alibaba.com,Female,France
203,Maisie,Hindsberg,mhindsberg5m@usa.gov,Female,Ivory Coast
204,Berton,Tousey,btousey5n@dropbox.com,Male,Bulgaria
205,Berget,Westwood,bwestwood5o@cyberchimps.com,Female,Russia
206,Ingaborg,MacParlan,imacparlan5p@hp.com,Female,France
207,Yovonnda,Strang,ystrang5q@t.co,Female,Russia
208,Gianni,Phear,gphear5r@yahoo.com,Male,France
209,Rinaldo,Sonner,rsonner5s@craigslist.org,Male,Portugal
210,Avril,Heliar,aheliar5t@hc360.com,Female,China
211,Tallou,Clemow,tclemow5u@blogspot.com,Female,Cambodia
212,Tobin,Menault,tmenault5v@senate.gov,Male,New Zealand
213,Tucker,Killelay,tkillelay5w@bandcamp.com,Male,China
214,Gwen,Kennion,gkennion5x@lycos.com,Female,Mexico
215,Denys,Swetman,dswetman5y@exblog.jp,Male,China
216,Obediah,Abrahams,oabrahams5z@nbcnews.com,Male,Turkmenistan
217,Lorant,Tinan,ltinan60@fda.gov,Male,Sweden
218,Rodolph,Hancorn,rhancorn61@forbes.com,Male,Venezuela
219,Chickie,Skain,cskain62@unblog.fr,Male,Russia
220,Charlotta,Jaggli,cjaggli63@redcross.org,Female,Indonesia
221,Julio,Surfleet,jsurfleet64@theatlantic.com,Male,Japan
222,Odella,Maclean,omaclean65@skyrock.com,Female,United Arab Emirates
223,Maryellen,Sauvain,msauvain66@sciencedaily.com,Female,Japan
224,Caprice,Marwood,cmarwood67@goodreads.com,Female,Indonesia
225,Karlan,Colquyte,kcolquyte68@army.mil,Male,Colombia
226,Ber,Biaggetti,bbiaggetti69@un.org,Male,Ukraine
227,Cherilyn,Cosstick,ccosstick6a@hao123.com,Female,Uzbekistan
228,Janis,Haveline,jhaveline6b@booking.com,Female,Brazil
229,Jacqui,Bice,jbice6c@acquirethisname.com,Female,Ukraine
230,Chery,Gudgeon,cgudgeon6d@reddit.com,Female,Kyrgyzstan
231,Jeanna,Cardozo,jcardozo6e@reverbnation.com,Female,Sweden
232,Andy,Gatch,agatch6f@livejournal.com,Female,Indonesia
233,Blayne,Ivashin,bivashin6g@berkeley.edu,Male,Indonesia
234,Hercules,Romanet,hromanet6h@yellowbook.com,Male,Indonesia
235,Babs,Corss,bcorss6i@sitemeter.com,Female,Argentina
236,Rianon,Griffiths,rgriffiths6j@tinyurl.com,Female,Kazakhstan
237,Stefanie,Lathy,slathy6k@dmoz.org,Female,China
238,Seka,Newborn,snewborn6l@thetimes.co.uk,Female,Ukraine
239,Willi,Stannus,wstannus6m@stanford.edu,Male,Russia
240,Cynthie,Marris,cmarris6n@cnet.com,Female,Indonesia
241,Halsy,MacClenan,hmacclenan6o@indiegogo.com,Male,Canada
242,Glen,Hryniewicki,ghryniewicki6p@ameblo.jp,Male,United States
243,Hallie,Melhuish,hmelhuish6q@netvibes.com,Female,Germany
244,Vite,Dovermann,vdovermann6r@barnesandnoble.com,Male,France
245,Corly,Tooke,ctooke6s@squarespace.com,Female,Sweden
246,Ruthanne,Doree,rdoree6t@nymag.com,Female,China
247,Adaline,Bollini,abollini6u@salon.com,Female,Russia
248,Virge,Brinkworth,vbrinkworth6v@infoseek.co.jp,Male,Costa Rica
249,Norri,Kobpal,nkobpal6w@amazon.co.uk,Female,China
250,Pieter,Settle,psettle6x@nymag.com,Male,United States
251,Ivett,Behrendsen,ibehrendsen6y@mlb.com,Female,China
252,Hube,Goodday,hgoodday6z@chronoengine.com,Male,Indonesia
253,Lynnea,Huebner,lhuebner70@biblegateway.com,Female,Serbia
254,Sibby,Hartridge,shartridge71@nature.com,Female,Philippines
255,Wallie,Abba,wabba72@chronoengine.com,Male,Pakistan
256,Noble,Darwood,ndarwood73@intel.com,Male,China
257,Janaya,Nicol,jnicol74@acquirethisname.com,Female,Russia
258,Lurline,Barron,lbarron75@accuweather.com,Female,Portugal
259,Ingram,Carwithen,icarwithen76@tmall.com,Male,Brazil
260,Chris,Gannan,cgannan77@umn.edu,Male,Mexico
261,Erik,Januszewski,ejanuszewski78@umich.edu,Male,Netherlands
262,Darnell,De Blase,ddeblase79@feedburner.com,Male,Jamaica
263,Elijah,Willowby,ewillowby7a@feedburner.com,Male,Portugal
264,Spense,Gannicleff,sgannicleff7b@reuters.com,Male,Yemen
265,Gwenny,Burnup,gburnup7c@seattletimes.com,Female,Syria
266,Xever,Hundey,xhundey7d@wufoo.com,Male,Ethiopia
267,Gilberta,Cousens,gcousens7e@wix.com,Female,Russia
268,Raynell,Hovie,rhovie7f@ocn.ne.jp,Female,China
269,Myer,Trail,mtrail7g@trellian.com,Male,China
270,Aimil,Laban,alaban7h@chronoengine.com,Female,Slovenia
271,Gayle,Buttel,gbuttel7i@imgur.com,Female,China
272,Loreen,Bodker,lbodker7j@springer.com,Female,Central African Republic
273,Robbert,Trainor,rtrainor7k@behance.net,Male,Serbia
274,Jaquith,Tremayle,jtremayle7l@ca.gov,Female,United States
275,Amandie,Pardon,apardon7m@lulu.com,Female,China
276,Kizzee,Jancy,kjancy7n@alexa.com,Female,Portugal
277,Farrand,Meatcher,fmeatcher7o@liveinternet.ru,Female,South Africa
278,Marie,Hanratty,mhanratty7p@sakura.ne.jp,Female,Brazil
279,Randee,Pitt,rpitt7q@cam.ac.uk,Female,Indonesia
280,Brendon,Dunster,bdunster7r@tiny.cc,Male,China
